title,company,location,link
React Software Engineer,"JPMorgan Chase Bank, N.A.","Glasgow, UK",https://stackoverflow.com/jobs/432628
Web developer / React - Software Engineering Associate,"JPMorgan Chase Bank, N.A.","Jersey City, NJ",https://stackoverflow.com/jobs/432613
"React JS Developer, Software Engineer/Programmer",Talent Corner Hr Services Private Limited,"Bengaluru, India",https://stackoverflow.com/jobs/428787
"Software Engineer (Full-Stack, React)",Nala,"Bengaluru, India",https://stackoverflow.com/jobs/429366
Senior Javascript Engineer (React or Angular),"JPMorgan Chase Bank, N.A.","Houston, TX",https://stackoverflow.com/jobs/432639
Sr. React Developer,Edify,"Santa Monica, CA",https://stackoverflow.com/jobs/421778
Senior Software Engineer (React/Java),Pinnacle 21,"Blue Bell, PA",https://stackoverflow.com/jobs/262299
Full Stack Software Engineer (React & Django),Sector Labs,"Cluj-Napoca, Romania",https://stackoverflow.com/jobs/242127
Software Engineering-Reactjs,JPMorgan Chase & Co.,"Mumbai, India",https://stackoverflow.com/jobs/422619
React JS Frontend Entwickler (all genders),procilon Group,"Berlin, Deutschland",https://stackoverflow.com/jobs/403008
"Fullstack Software Engineer (Ruby, ReactJS)",Marley Spoon AG,"Berlin, Germany",https://stackoverflow.com/jobs/429688
Full Stack Developer - Php/Node.Js/React.Js,Teqfocus,"Pune, India",https://stackoverflow.com/jobs/432400
Full Stack Engineer (React + Python),Revel SystemsviaWork in Lithuania,via,https://stackoverflow.com/jobs/411392
Full Stack Software Engineer (React/React Native/C#),Switcher Studio,"Louisville, KY",https://stackoverflow.com/jobs/429697
Senior Frontend/Full-stack Engineer – React.js / Nodejs @Fintech (m/f/div),Elinvar GmbH,"Berlin, Germany",https://stackoverflow.com/jobs/408491
Full Stack (Python/React) Software engineer,"JPMorgan Chase Bank, N.A.","New York, NY",https://stackoverflow.com/jobs/421440
React Staff Software Engineer at Root Insurance (a $3.65B valuation startup),Root Insurance Company,"Columbus, OH",https://stackoverflow.com/jobs/365535
Principal Full Stack Software Engineer (React & Django),Sector Labs,"Cluj-Napoca, Romania",https://stackoverflow.com/jobs/249484
"Software Engineering - Javascript, ReactJS, Oracle","JPMorgan Chase Bank, N.A.","Bengaluru, India",https://stackoverflow.com/jobs/425080
Full-Stack React/Node Developer,Plex,No office location,https://stackoverflow.com/jobs/425132
Senior Full Stack Software Engineer (React & Django),Sector Labs,"Cluj-Napoca, Romania",https://stackoverflow.com/jobs/241611
Senior Full Stack Java Software Engineer with React,"JPMorgan Chase Bank, N.A.","Chicago, IL",https://stackoverflow.com/jobs/432138
Front-End (Angular/React) and Node JS Backend – Senior Developer,Wipro Digital,"Bengaluru, India",https://stackoverflow.com/jobs/424505
Immediate opening for Software Solutions Architect-React JS- Ernakulam,Workmates,"Ernakulam, India",https://stackoverflow.com/jobs/415384
Full Stack Software Engineer (React & Python),"JPMorgan Chase Bank, N.A.","New York, NY",https://stackoverflow.com/jobs/421888
React / Java Lead -  Software Engineering VP,"JPMorgan Chase Bank, N.A.","Jersey City, NJ",https://stackoverflow.com/jobs/422451
Software Engineer (React),Tacto,"Mumbai, India",https://stackoverflow.com/jobs/385347
Software Engineer - Full Stack (Java / React / Angular),"JPMorgan Chase Bank, N.A.","Plano, TX",https://stackoverflow.com/jobs/432041
Principal Full Stack Software Engineer (React & Django),Sector Labs,"Cluj-Napoca, Romania",https://stackoverflow.com/jobs/249484
Senior Software Engineer Rails/Elm/React,HubTran Inc.,No office location,https://stackoverflow.com/jobs/410103
Immediate opening for Software Solutions Architect-React JS- Ernakulam,Workmates,"Ernakulam, India",https://stackoverflow.com/jobs/415384
React Developer,HaysviaHays plc,via,https://stackoverflow.com/jobs/368001
"Junior Full Stack Developer (React, JavaScript)",HaysviaHays plc,via,https://stackoverflow.com/jobs/427847
"Senior Full Stack Software Engineer (Typescript, Node.js, React, AWS)",H4,"London, UK",https://stackoverflow.com/jobs/304003
Webfrontend Javascript / React Entwickler (m/w/d),macmon secure GmbH,"Berlin, Deutschland",https://stackoverflow.com/jobs/420058
"Front End Software Engineer (React.js, React Native)",Deep Consulting Solutions,No office location,https://stackoverflow.com/jobs/410501
React/JS Frontend Entwickler (all genders),procilon Group,"Leipzig, Deutschland",https://stackoverflow.com/jobs/376503
"Senior Full Stack Software Engineer (Typescript, Node.js, React, AWS)",H4,"Skopje, North Macedonia",https://stackoverflow.com/jobs/304006
"Frontend Software Engineer (ES6+, React), APAC",foodpanda,Singapore,https://stackoverflow.com/jobs/308652
React Engineer | Native or Web | 100% Remote,G2i Inc,No office location,https://stackoverflow.com/jobs/229077
Software Engineering - UI/React Developer,"JPMorgan Chase Bank, N.A.","Buenos Aires, Argentina",https://stackoverflow.com/jobs/431690
"Senior full-stack engineer (Go, React, AWS)",Arcivr,No office location,https://stackoverflow.com/jobs/417931
React Developer - JavaScript / Node.js / React (m/f/d),ProSiebenSat.1 Media SE,"München, Deutschland",https://stackoverflow.com/jobs/388821
React JS Developer,komoot,"Berlin, Germany",https://stackoverflow.com/jobs/414687
Frontend Software Engineer (React + Next.js),Skool,"El Segundo, CA",https://stackoverflow.com/jobs/391727
Software Engineer (Angular/React),"JPMorgan Chase Bank, N.A.","Plano, TX",https://stackoverflow.com/jobs/421903
アプリケーションエンジニア/TypeScript(React),株式会社エージェントキューブ(Agent cube Inc),"Minato City, Japan",https://stackoverflow.com/jobs/423103
"Engineering Manager (React, React Native, Mobile) (Remote)",X-Team,No office location,https://stackoverflow.com/jobs/430359
Senior Full Stack - React + Node + AWS - 100% Remote,Evolution Virtual,No office location,https://stackoverflow.com/jobs/419705
"Senior Full-Stack Developer (Node.js, React)",Tribe Technologies Inc.,"Toronto, ON, Canada",https://stackoverflow.com/jobs/422400
프론트엔드(React/자바스크립트/CSS) 정규직,퍼플아이오,서울 강남구,https://kr.indeed.com/viewjob?jk=94b2be06c76b062c
[라프텔] React 웹/모바일 개발자,RIDI Corp,서울,https://kr.indeed.com/viewjob?jk=b412a515e27cf8c1
"Node.js, React, GraphQL 신입 개발자",바운스코드,서울 강남구,https://kr.indeed.com/viewjob?jk=2596b18f62e6f4be
네이버 일본 맛집 서비스 CONOMI React Native 개발자,네이버,서울,https://kr.indeed.com/viewjob?jk=a2a58dc6daa27016
대구 북구 웹 개발자 (Node.js/React Native) 각각 1명,더블디,대구 북구,https://kr.indeed.com/viewjob?jk=66520360eebc2cf3
JR0142001 SW engineer intern,인텔코리아,서울 강남구,https://kr.indeed.com/viewjob?jk=f18e48dc201db10e
Developer / Designer recruit,마이뮤직테이스트,서울 논현동,https://kr.indeed.com/viewjob?jk=55a19c92c845685e
React Native Developer,아우름플래닛,서울 마포구,https://kr.indeed.com/viewjob?jk=59c9ee6a635c251a
Cross Border Ecommerce (Korea) - Team Assistant,Shopee,서울,https://kr.indeed.com/viewjob?jk=ef847388cd119b0b
2020년 하반기 각 부문 신입/경력,스탠드포인트,서울 금천구,https://kr.indeed.com/viewjob?jk=158d61f253f65fb4
CNN Wifi Engineer (Contractor),聯發科技,경기도 성남,https://kr.indeed.com/viewjob?jk=eabbd715fbad23cc
Junior Full-stack Developer,Asiance,서울,https://kr.indeed.com/viewjob?jk=fb84164a9eed9423
2020년 NHN TOAST 개발자,NHN TOAST,성남 판교역,https://kr.indeed.com/viewjob?jk=8327679eecb720a4
Mobile App Engineer (React Native/React),Soomgo,서울 강남구,https://kr.indeed.com/viewjob?jk=2aa898393deb8097
현대오토에버 경력사원 대규모 상시,현대오토에버,서울,https://kr.indeed.com/viewjob?jk=ba9770b7b17a038e
Wi-Fi Application Engineer,聯發科技,경기도 성남,https://kr.indeed.com/viewjob?jk=9fde1c27704e722b
[카카오커머스] 기술직군,카카오커머스,성남 분당구,https://kr.indeed.com/viewjob?jk=665e5885dfd75df4
APP 개발자(react native),더트라이브,과천 과천시,https://kr.indeed.com/viewjob?jk=44555f028d57be1e
개발 총괄 PM,비플러스랩,대한민국,https://kr.indeed.com/viewjob?jk=9c63fea8a3b83a00
[네이버파이낸셜] 백엔드 개발자,네이버파이낸셜,성남 분당구,https://kr.indeed.com/viewjob?jk=f16a87012a9a1068
LINE TV 개발 경력사원,네이버,서울,https://kr.indeed.com/viewjob?jk=e203ad8a0d287556
[주식회사 클라모스] React/NodeJS 풀스텍 개발자,클라모스,서울 구로구,https://kr.indeed.com/viewjob?jk=296f86c6e5693d19
웹/ 앱/ 시스템/ 인프라/ 네트웍/ 서버/보안 부문 경력채용,현대오토에버,서울 역삼동,https://kr.indeed.com/viewjob?jk=52899e0f4105f4f3
[판교IT대기업]재무정보시스템 개발자,인코리아 프로페셔널,성남 분당구,https://kr.indeed.com/viewjob?jk=671d4c70cfc0e627
[Biz] 네이버 여행 검색 서비스 개발자,네이버,서울,https://kr.indeed.com/viewjob?jk=10481ef95f10d2e0
글로벌 플레이스 서비스 개발자,네이버,서울,https://kr.indeed.com/viewjob?jk=5d0af321fe085616
디지털 헬스케어 서비스 함께 만들어갈 팀원 찾습니다. (프론트엔드 개발자),임팩트스테이션,서울 서대문구,https://kr.indeed.com/viewjob?jk=7c414c884473f6fa
"웹/앱 프론트 개발자, React,React-Native",오리샌드박스,경기도 하남,https://kr.indeed.com/viewjob?jk=66a8320fe3a66a45
"백엔드, 프론트엔드,웹 디자인 외 신입/경력 정규직",비엣메이트,성남 수정구,https://kr.indeed.com/viewjob?jk=91c738c9999df69a
[해외취업] P종합물류서비스업체 IT개발자 - 아마존/이베이와 일?!,아이씨엔그룹,대한민국,https://kr.indeed.com/viewjob?jk=9a28c31ad3f1e1b4
비즈개발실 서버 개발자 모집,카카오,성남 판교역,https://kr.indeed.com/viewjob?jk=736eb193e417cee2
[NAVERxLINE] Global Ad SDK Engineer,네이버,서울,https://kr.indeed.com/viewjob?jk=e51b53a1e0924c05
네이버 블로그 차세대 시스템 개발을 위한 Frontend 개발자,네이버,서울,https://kr.indeed.com/viewjob?jk=70d25ed96564d13c
국내 최고회사 Front-End 개발자(사원~대리),인코리아 프로페셔널,성남 분당구,https://kr.indeed.com/viewjob?jk=3190701f5d19e3da
[TmaxSpace/R&D] 제품 웹 프론트엔드 개발자 경력,티맥스소프트,성남 분당구,https://kr.indeed.com/viewjob?jk=3d2853b507c5cbd0
네이버 인플루언서검색 서비스 Frontend 개발자,네이버,서울,https://kr.indeed.com/viewjob?jk=b27d6d7582e94f44
백엔드 개발,Nexon,성남 분당구,https://kr.indeed.com/viewjob?jk=3f86b334f5dca660
[React Native]리엑트 네이티브 앱 프런트 개발자,해커스,서울 강남구,https://kr.indeed.com/viewjob?jk=087e32c35980d513
2020년도 경력사원 상시[Android개발],케이티디에스,성남 분당구,https://kr.indeed.com/viewjob?jk=78e73cf9bf4ba977
쓰담 Server Developer,노마드스타,서울 서초구,https://kr.indeed.com/viewjob?jk=21f32b8f1827025d
웹프론트엔드 개발자,쏘카,대한민국,https://kr.indeed.com/viewjob?jk=defdfbd923d535a5
[Forest] 네이버 쇼핑검색플랫폼 개발자,네이버,서울,https://kr.indeed.com/viewjob?jk=f3a14b3f8d9e3e12
네이버 예약 플랫폼 프론트엔드/백엔드 개발 (연계형 인턴십),네이버,서울,https://kr.indeed.com/viewjob?jk=31c44be2a7160d60
[월간 카카오 9월] 사용자 서비스 클라이언트 개발자 모집,카카오,성남 판교역,https://kr.indeed.com/viewjob?jk=51c9f7a9284ad2ab
데브옵스개발팀 - 데브옵스 개발자,Nexon,성남 분당구,https://kr.indeed.com/viewjob?jk=8e72803e8ffa7f7c
[AI검색플랫폼] 지식그래프 서버 개발자,카카오엔터프라이즈,성남 분당구,https://kr.indeed.com/viewjob?jk=54c879b1c3b5a377
프론트엔드 웹 개발자,펄핏,서울 강남구,https://kr.indeed.com/viewjob?jk=9ba2af0dadae83c3
웹 서비스 엔지니어 ( 주식정보 제공 시스템 ),에스비씨엔,서울 영등포구,https://kr.indeed.com/viewjob?jk=92cb75f8d7457374
Senior Front-end Developer,Asiance,서울,https://kr.indeed.com/viewjob?jk=77e0ff362e6ea4e1
[NAVERxLINE] Global Ad Web/Backend Engineer,네이버,서울,https://kr.indeed.com/viewjob?jk=a0189433794de62c
채팅모듈 개발자,Nexon,성남 분당구,https://kr.indeed.com/viewjob?jk=3b752abecf619fe5
여행 좋아하는 주니어 개발자,메리홀리데이,서울 강남구,https://kr.indeed.com/viewjob?jk=bcb66193e91fee96
[네이버파이낸셜] 프론트엔드 개발자,네이버파이낸셜,성남 분당구,https://kr.indeed.com/viewjob?jk=5a14075dc623cd24
테크센터개발팀 - 웹 프로그래머,Nexon,성남 분당구,https://kr.indeed.com/viewjob?jk=5f18c149379506cd
추천팀 서비스 개발자 (계약),카카오,성남 판교역,https://kr.indeed.com/viewjob?jk=c5783af875e8ec98
프론트엔드 서비스 개발 및 운영,인터파크홀딩스,서울 강남구,https://kr.indeed.com/viewjob?jk=c262029097955a2c
통신서비스 웹플랫폼 개발자 (사원~과장) 국내최대 모바일 플랫폼 대기업 계열 MVNO 사업자,국내최대 모바일 플랫폼 대기업 계열 MVNO 사업자,서울특별시,https://kr.indeed.com/viewjob?jk=ddd8999a2890be2f
Web Front-end Engineer 음성인식 머신러닝 스타트업 new,음성인식 머신러닝 스타트업,서울특별시,https://kr.indeed.com/viewjob?jk=2df775154898279e
프론트엔드 개발자,스포카,대한민국,https://kr.indeed.com/viewjob?jk=b25ed61fb84a5785
네이버 글로벌 UGC 서비스 Frontend 개발자,네이버,서울,https://kr.indeed.com/viewjob?jk=9fa7862a0dd439be
Web Front-End Engineer,레이니스트,서울,https://kr.indeed.com/viewjob?jk=64730ca8cd0baaec
LINE TV 개발 경력사원,LINE Plus corporation,성남 정자역,https://kr.indeed.com/viewjob?jk=d3e689cd359bb019
(국내 최고회사) Front End 개발자,인코리아 프로페셔널,성남 분당구,https://kr.indeed.com/viewjob?jk=daa9a1a7d0e82c1f
올리브 핀테크 함께 일하실 CTO,올리브핀테크,서울 서초구,https://kr.indeed.com/viewjob?jk=89f3b0bb67aad471
프론트엔드 개발자 (스마트프런트팀),야놀자,서울 강남구,https://kr.indeed.com/viewjob?jk=85b633432fdc315d
"웹/앱 개발 프론트엔드, 백엔드 신입/경력 정규직, 계약직, 인턴 외",스마트 엔지니어링,울산 남구,https://kr.indeed.com/viewjob?jk=e878c658d7560b2e
백엔드 개발 정규직 경력사원(5년 이하),포티투마루,서울 관악구,https://kr.indeed.com/viewjob?jk=e156570e477aea13
미래전략추진실 데이터 분석 플랫폼 개발자 모집,카카오,성남 판교역,https://kr.indeed.com/viewjob?jk=341925e229fc5738
Frontend Developer,비바리퍼블리카,서울 강남구,https://kr.indeed.com/viewjob?jk=ce52797185d563ed
[에스지에이비엘씨] 웹 프론트엔드 개발 경력사원 (정규직),에스지에이블록체인,서울 송파구,https://kr.indeed.com/viewjob?jk=590c03ba892d9100
게임보안 플랫폼 백엔드/프론트엔드 개발 및 운영,Nexon,성남 분당구,https://kr.indeed.com/viewjob?jk=487225113fa0824b
네이버 Article Studio Frontend 개발자,네이버,서울,https://kr.indeed.com/viewjob?jk=803eda893939af07
O2O Platform Frontend Web(신입/경력),에이치에너지,서울 강남구,https://kr.indeed.com/viewjob?jk=f77e874155d137ee
프론트엔드 경력 정규직,에임즈인터내셔널코리아,서울 강남구,https://kr.indeed.com/viewjob?jk=5931e904211508b3
유명 바이오 의료기기 스타트업 Backend 개발자,인파트너스,서울 서초구,https://kr.indeed.com/viewjob?jk=a548fccae71ef2a6
네이버 지식iN eXpert 서비스 Frontend 개발자,네이버,서울,https://kr.indeed.com/viewjob?jk=1afdd26a22ea1572
[Clova] Clova AI AiCall 개발자 경력사원,네이버,서울,https://kr.indeed.com/viewjob?jk=7db25ada717266e0
[(주)코인플러그]Frontend 개발자,코인플러그,성남 분당구,https://kr.indeed.com/viewjob?jk=0c4715ec16afec0c
MES관련 시스템 설계/개발 경력자,비앤지시스템,서울 금천구,https://kr.indeed.com/viewjob?jk=1eb6065ed86dc3d7
AI 기반 웹앱서비스의 프론트/백엔드 리드 개발자,피큐레잇,서울 마포구,https://kr.indeed.com/viewjob?jk=1d5b945bf847d7ad
Front-end 개발,이베이 코리아,대한민국,https://kr.indeed.com/viewjob?jk=4a0d1c9753815d9b
백엔드 개발자,스파이더랩,서울 강남구,https://kr.indeed.com/viewjob?jk=c3b9a9aefdf9b877
다음 첫화면/뉴스/스포츠/연예/1boon 유저 웹서비스 개발자 모집,카카오,성남 판교역,https://kr.indeed.com/viewjob?jk=3bafdba72ed14ee9
Frontend Developer,아우름플래닛,서울 마포구,https://kr.indeed.com/viewjob?jk=2c424681fddd90dc
데브옵스개발팀 - 웹 프로그래머,Nexon,성남 분당구,https://kr.indeed.com/viewjob?jk=c78a3c5d7bb7d883
클라이언트 개발자 FrontEnd Developer,에스제이에이치스튜디오,서울 역삼동,https://kr.indeed.com/viewjob?jk=4889d2814b462d35
"주식회사 알에스기획 web/app 개발기획, react full stack 개발경력",알에스기획,서울 서대문구,https://kr.indeed.com/viewjob?jk=e9adeee667db927d
백엔드 개발자,네이버,서울,https://kr.indeed.com/viewjob?jk=7f3332da5ecd8696
"드론 데이터 스타트업, 엔젤스윙 엔지니어",엔젤스윙,서울 관악구,https://kr.indeed.com/viewjob?jk=d017610d9828199c
프론트앤드 개발,Nexon,성남 분당구,https://kr.indeed.com/viewjob?jk=2755f5a6205a5c3d
웹디자이너/프런트개발자분 (이커머스 스타트업),더블아이즈,서울 용산구,https://kr.indeed.com/viewjob?jk=9521fbf0adbf1536
[신입/연차무관] 모바일/웹 개발자 정규직,블랍스,서울 강남구,https://kr.indeed.com/viewjob?jk=4dda305778cf23d4
Frontend Developer,Toss,서울 강남구,https://kr.indeed.com/viewjob?jk=f94878ae422944b4
네이버 지도 프론트엔드 개발 경력사원,네이버,서울,https://kr.indeed.com/viewjob?jk=201de59d2a80ffed
네이버웹툰(주) 서버 개발자(경력) (상시),네이버,서울,https://kr.indeed.com/viewjob?jk=23e360fe71b44408
웹개발자(웹프로그래머),인포버스,대구 중구,https://kr.indeed.com/viewjob?jk=db95ddc975a283e8
모바일 개발자,NHN godo,서울 구로구,https://kr.indeed.com/viewjob?jk=36ae4cdeebdc6863
Plant IT Solutions Engineer,Process Systems Enterprise Limited,서울,https://kr.indeed.com/viewjob?jk=5a9d6ebeb3d697ea
프론트엔드 파운트 개발자 (현재 급여 이상 보장),파운트,서울 충정로역,https://kr.indeed.com/viewjob?jk=4a0ddfbfc4a11dd0
스마트 미디어스튜디오 백엔드 개발자,네이버,서울,https://kr.indeed.com/viewjob?jk=0920f949689ac87f
